[
    {
        "question": "Vocês atuam em toda a cidade de São Carlos?",
        "answer": "Sim, atuamos em toda a cidade."
    },
    {
        "question": "Como posso ajudar?",
        "answer": "Você pode ajudar doando alimentos, potes e também com seu tempo vindo aqui e nos ajudando a preparar a sopa."
    },
    {
        "question": "Qual é o maior planeta do Sistema Solar?",
        "answer": "Júpiter"
    },
    {
        "question": "Quem pintou a 'Mona Lisa'?",
        "answer": "Leonardo da Vinci"
    },
    {
        "question": "Quem descobriu a gravidade?",
        "answer": "Isaac Newton"
    }
]